SSN,manager_ID,emp_name,emp_state,emp_city,emp_pincode,emp_address,emp_phonenumber
393075267,8012205532,David,Utah,San Diego,50755,920-6930 Dictum Rd.,9016004407
835550579,6930355689,Alika,Hawaii,Gulfport,54542,"P.O. Box 618, 4090 Libero St.",9802548227
441890035,7295615605,Libby,Delaware,Colorado Springs,36849,Ap #239-3527 Nec Av.,9746748153
132140743,1617345594,Karen,Kentucky,Gulfport,85627,873-9206 Dolor St.,9471610857
680748791,7283796342,Rae,Washington,Denver,85168,"Ap #327-4733 A, St.",9636302978
319781205,5831110614,Cyrus,Louisiana,Bear,36811,Ap #952-6715 Laoreet Road,9484749100
958645575,8947817407,Kasper,Wisconsin,Philadelphia,52335,"P.O. Box 597, 417 Suspendisse Avenue",9320328879
901713190,2145950502,Dante,Pennsylvania,Huntsville,41757,835-9502 Gravida Avenue,8811737587
910905164,7724358537,Veda,Nevada,Carson City,51205,Ap #856-6544 Et St.,8938814951
821197425,6237883290,Malachi,Montana,Olympia,72126,109-1556 Ut Rd.,9853135778
103764797,9851393936,Hayden,Hawaii,Fayetteville,73130,Ap #409-5773 Aliquet St.,8683965903
876556717,9980384724,Nigel,Maryland,Shreveport,54350,6218 Molestie St.,9238169020
617659051,8153431215,Hunter,Oregon,Toledo,76534,Ap #976-2794 Praesent Street,9224481130
864876147,3308262825,Christine,Iowa,Reno,26425,Ap #900-8622 Phasellus Av.,8968942901
619758732,7963683033,Brent,Nebraska,Richmond,53438,Ap #449-347 Metus Rd.,9455968611
561527265,5202357779,Todd,Arizona,Olathe,26317,Ap #232-6348 Nec St.,9159811171
499570336,1367345738,Lunea,Utah,Toledo,75128,"P.O. Box 275, 3807 Mauris Street",9584026532
671088547,8571166655,Holmes,Indiana,Mesa,99747,649-3444 Tincidunt Avenue,9581903124
376320543,4095169082,Justina,Alabama,Honolulu,72117,Ap #310-8914 Sed Road,8960959138
874933077,1976972677,Eagan,Maine,Rockville,86150,Ap #202-4496 Molestie Av.,9371593891
175747149,7864084283,Deborah,Indiana,Virginia Beach,84657,"8982 Risus, Street",8936424126
207365672,6277798981,Cade,Maryland,Huntsville,36829,9962 Molestie Avenue,9217294070
995164199,4332747539,Amethyst,Alabama,Montgomery,73466,560-7512 Vivamus Road,9127315901
217496642,4192173193,Jason,Kansas,Columbus,62623,Ap #350-1379 Accumsan Ave,8817182714
158324151,1715108250,Petra,Massachusetts,Austin,47169,"6970 Montes, Street",9895436390
435736999,7501347463,Katell,Michigan,Olympia,42338,129-7402 Malesuada St.,9227336336
921738845,1479318899,Deirdre,Vermont,Sandy,84532,"Ap #946-1891 Tempus, St.",9984696941
483591038,8789801566,Stephen,Connecticut,Wichita,57332,3934 In Street,8536520549
635215847,7555684838,Quinlan,Virginia,Topeka,93113,"Ap #168-3501 Nec, Road",8675363764
731416579,6149355543,Carl,Maine,Bellevue,78442,"P.O. Box 698, 5291 Quisque Av.",9634451009
746550226,9643149808,Neve,Alaska,Stamford,36545,"P.O. Box 154, 4039 Aliquet Street",9651717041
620537123,7786186828,Jared,California,Great Falls,51685,2874 Tortor. Avenue,8528014657
400030566,9240522575,Wayne,Oklahoma,Kaneohe,18441,982-842 Faucibus Road,9498859122
144406148,2929400452,Colette,Kentucky,Kenosha,94234,"P.O. Box 822, 8336 Dolor St.",8618933829
181233190,2631340097,Rhoda,Utah,Wilmington,43439,439-1067 Sit Road,9703489652
580878815,5366322162,Allen,Maine,New Orleans,52482,"406-5753 Eleifend, St.",9373934039
942773570,5952056247,Melanie,Texas,Columbia,67712,189-3993 Vel Street,8943250804
245700268,3388479371,Hope,Utah,Denver,41312,"P.O. Box 408, 5327 Interdum Avenue",9162322182
887592570,4348343998,Tana,California,Helena,10280,209-7368 Dui Ave,8906568881
262711725,4454625169,Walker,Florida,Columbus,86363,"Ap #195-9660 In, Av.",8685997127
805609337,2993423036,Risa,Florida,South Bend,10952,Ap #382-8166 Interdum Avenue,9219564534
959868972,3775295349,Lisandra,Washington,Los Angeles,73183,"Ap #780-157 Convallis, Ave",9413123750
978444821,8351982866,Hamilton,Wyoming,Kapolei,48426,842-5169 Bibendum Rd.,9395151704
216769791,8523265218,Cade,Missouri,Columbia,36857,"P.O. Box 385, 3131 Non, Rd.",8933380557
947844598,6225898213,Signe,Colorado,Juneau,55640,Ap #824-956 Sagittis. Avenue,9234718220
820491031,1418452210,Aretha,Virginia,Las Vegas,72296,"P.O. Box 200, 5449 Vestibulum Rd.",9710432476
598909253,7622265692,Kaitlin,Colorado,Sandy,24181,Ap #207-9040 Odio. Rd.,9499318409
575694872,4232386369,Adara,Texas,Mobile,72200,725 Sapien Road,9645855805
798998407,4029776446,Carol,Massachusetts,Rock Springs,36565,569-7556 Sed Rd.,9010649105
997866891,3685441496,Maggie,Massachusetts,Rock Springs,25987,Ap #891-835 Nascetur Road,9429511876
894028195,8721173857,Colorado,Kentucky,Aurora,11515,"P.O. Box 370, 9305 Nec Street",9392207974
232786448,4610229576,Tamekah,Hawaii,Nashville,81182,Ap #691-1514 Ornare. Ave,9691252445
705249369,2555913286,Jorden,Virginia,Jefferson City,36876,2303 Purus. Avenue,9526746425
393473128,7674002564,Emerson,Washington,Great Falls,25662,Ap #472-2275 Nunc Ave,9935714442
721961459,4500527543,Kareem,Nebraska,Racine,36641,Ap #995-1124 Mi Av.,9697490475
683766380,6829914128,Leandra,California,Oklahoma City,82342,"P.O. Box 576, 7860 Lectus St.",9494633852
731405171,9955654387,Pearl,Nebraska,Juneau,23756,7306 Eu St.,9646564880
764000422,3007364449,Melanie,Georgia,Owensboro,33608,"P.O. Box 397, 3613 Neque Street",9521751612
588517606,7894509779,Roary,California,Provo,47394,"3982 Posuere, Rd.",8870890398
938176807,4836851431,Wynter,Kansas,Montpelier,50315,1906 Orci. Ave,8551198819
613278133,9943710520,Denise,Kentucky,Clarksville,28714,"652-8778 Ut, Rd.",9309615474
330738662,1181471618,Hunter,Pennsylvania,Orlando,98789,970-3761 Malesuada St.,9003133786
681439395,8224282404,Craig,Massachusetts,Kansas City,68713,869-8827 Pellentesque Road,8802256767
142472131,4641584050,Jakeem,Minnesota,Fort Collins,26276,Ap #712-5172 Metus Ave,9645913300
393275553,5656490048,Rooney,Mississippi,Pocatello,78488,Ap #355-4192 Vestibulum Rd.,9430468551
654004856,1953806503,Cora,Alaska,Boise,33409,"Ap #108-8557 Congue, Ave",8970978350
298816753,5421730011,Thor,Maryland,San Francisco,45260,"P.O. Box 287, 7263 Fusce Av.",9368684139
866306706,7500047042,Malik,Florida,Atlanta,86666,"P.O. Box 691, 162 Lorem, St.",9168320132
168410047,1857600362,Yasir,Maryland,Dover,36541,5130 Tellus Avenue,9053554535
672647107,9861894132,Irma,Vermont,Kapolei,25045,"557-6014 Ac, Avenue",9500502935
410129780,2172415905,Kyle,Delaware,St. Petersburg,76171,Ap #914-563 Lectus Street,9655559432
591212617,4418862900,Driscoll,Tennessee,Orlando,58345,184-8339 Ullamcorper Avenue,9050912625
271206159,9067664731,Alika,Maryland,San Diego,31482,Ap #569-5390 Mus. Rd.,9028106670
714184243,7012357516,Aladdin,Arkansas,Jacksonville,56444,6229 Iaculis St.,9750646259
398941547,3820273914,Magee,Oregon,Gresham,68380,501-6598 Nascetur Rd.,9048774662
707443912,5971368713,Mason,Louisiana,Omaha,27963,1415 Libero. Avenue,9015124046
663130263,1900040910,Cassandra,California,Biloxi,62960,4330 Tellus. St.,9191864873
193346824,5320213769,Cole,Louisiana,Rockville,14162,"3732 Mi, Road",9570188135
522163144,1834649638,Slade,Utah,Columbus,56333,"Ap #477-7677 Amet, Rd.",8916408865
367890680,6332670987,Silas,Georgia,Biloxi,20614,797-8751 Fringilla St.,8896992611
438000361,1425701104,Kellie,Florida,Richmond,48284,"P.O. Box 988, 6036 Dolor St.",8666820604
498341875,7110495660,Abdul,Wisconsin,Salem,62923,"P.O. Box 932, 8245 Dapibus St.",9504154765
192966449,7012129773,Noelani,Nevada,Lakewood,58249,"P.O. Box 687, 834 Fusce Road",9853432894
874367214,3785421983,Paloma,Indiana,West Jordan,23745,397-3411 Faucibus Rd.,9739755317
156629323,6282061697,Madeline,Alaska,St. Petersburg,83498,Ap #267-5816 In Ave,9062370691
930755570,9618544970,Harrison,Delaware,Omaha,90275,Ap #706-4463 Rutrum Road,9826785599
324653475,4847201493,Hollee,Maryland,Tacoma,43156,"P.O. Box 756, 4649 Magna Rd.",9790551046
367497991,5891911621,Meghan,Ohio,Frederick,64719,Ap #652-2065 Quam St.,9819903638
198831727,5422666015,Althea,Alaska,Lincoln,83452,Ap #204-4983 Sapien Ave,8541084540
304580799,3117297177,Orlando,Indiana,Overland Park,86567,770-1384 Sociosqu St.,9516257286
373694309,1609605969,Willow,Wisconsin,Little Rock,97852,Ap #156-2484 Cubilia Rd.,9657399582
367524878,4146298568,Brenda,Nebraska,Cedar Rapids,58466,Ap #360-1656 Aliquet Rd.,9368765265
452192139,8737232275,Hermione,Virginia,Reading,43167,654-4519 Semper Rd.,9002720343
889698704,6146111055,Bianca,Kentucky,Honolulu,27327,"P.O. Box 226, 9750 Sit Rd.",9692763278
247122001,4511014289,Brielle,Virginia,Pike Creek,64542,"P.O. Box 402, 1430 Felis. St.",9571327743
589680854,5959439540,Benedict,Idaho,Nampa,82422,"P.O. Box 645, 2279 Nisi. Rd.",9614349076
203408189,6555001038,Branden,Arkansas,Bloomington,75604,386-9845 Nunc Ave,9732930716
795686755,1972711733,Burton,Texas,Lewiston,45922,575-5122 Libero. Road,8533834432
435138396,3939282693,Erasmus,Alaska,Pike Creek,73947,Ap #410-9437 Dolor Street,9148259231
121237434,6116978854,Hyacinth,Connecticut,Jackson,58119,Ap #578-576 Sed St.,9069399171