order_id,store_id,payment_ID
7546037003,8561589740,1901779122
8887665181,8153638901,9057969615
2231586741,3445452947,8863533959
5952311361,7699260318,5987548378
3241882168,4301437362,2752499252
4310719098,7153004966,2827469324
9658171459,7541932769,5093741702
5299723687,8678329502,9681950765
6113348058,3742400125,9205768034
2537389396,7932825071,5778303999
7742410958,3672755599,2008545632
8246268502,6671111634,1674423964
5631714428,9577197083,7477286608
2600495855,3014095878,9240314865
1063796122,8308691285,2312752086
8826065618,4755009591,5138537926
2687723184,1970469082,3876955406
3562454998,7754005817,1921102749
6149554500,7721109811,8703812513
2541268376,6632977824,4103231041
5251266759,8851168841,3379434400
3927343485,1502874968,3867852336
3704693091,8711585922,1770616223
1307772447,3059788396,5630164214
4144502602,6280835535,4013834848
6267155778,4007043810,3730725421
8085842655,2136047365,5181043242
1984170723,9321355627,4931482106
5750066940,2976194692,3188994229
6274921072,5101063922,3850126411
1603671860,4909785420,1244474084
7292043671,3536636226,5856181404
5328724114,2156965527,2839091753
5583872734,2146656459,6735402708
5822320568,4082325230,5315515103
7964944734,2328067173,2457650725
6807045064,6906603893,2246466306
9697355467,7230536835,5152870015
8055563073,5590824541,6230570870
5361962910,3650145321,9275620255
4569598601,8768336145,7602566645
7236580193,6352118557,2177388678
4113436349,7273038824,2925965512
4005305274,1489053773,3876609647
6455750589,6962523910,8723095198
4122228431,7015582268,7514799194
6870731063,7909580464,4013895286
9096781193,4453407464,3178006878
5357051404,3709099684,8610312485
6230770486,9830306107,2739848008
2677122974,3902867798,8533390337
6200496563,5654436422,3550600091
8025621483,7391091881,7117713223
8635808290,6861403025,3045968198
3958761877,5480226134,5531104352
5093145872,2425890145,4140195706
2679117554,8246391702,5643212611
7343184525,2650439148,7927480130
4673647226,7127935977,9859511760
3048752005,3590090998,4971932774
5210119616,3032599307,9781887545
8892905153,6256893525,9561484178
1305508041,5606717785,3155144721
5260143646,3650011098,2187252730
1151057971,3525797802,2464632827
1866219811,7494132555,4668290968
3031130545,9736631783,3209777597
4201513524,4908392865,1239381682
4217091495,8916718502,9658330700
8884440545,3878443583,4654565574
7786335824,3998396285,1074400877
4338183126,6860385977,6122843572
3343977440,5813056150,7086033108
8890473719,9305540422,2294798142
6369270025,6085131358,9243663313
8876282351,5746556144,2180224242
4219247571,1879081191,3085793074
7868386247,2499555153,7970853322
5731255339,3229584151,3012517567
8912993455,1094499686,8902588647
2265755928,6510183891,1288226633
3278759844,5503703720,9797479400
3376004656,2134953396,7245374858
8635228385,2346665825,9061129006
5949162921,2673263009,7552228254
4514068858,8097660154,5729488540
2167293790,3500676712,4274276415
6616007865,3009913023,4509536562
9626738667,3893591947,4970707121
6625333255,2746628069,7886009248
3943558892,6048157610,6001690452
3597417548,4175811532,8489763106
1531380130,2187792609,9597274995
8166840558,7877967891,4378864105
5300533007,1511624852,9862327724
2975656736,5734496194,7086393474
1243436999,1055005174,9177841803
2764167513,3687899368,4217733871
3457364085,9266034587,2560937642
8424588305,1223458727,8335432071